idx,scenario,variant,mode,attack_ok,status,error_type,error_message
22,dh,base,baseline,1,ok,,
16,dh,base,baseline,1,ok,,
29,dh,base,baseline,1,ok,,
6,dh,base,baseline,1,ok,,
13,dh,base,baseline,1,ok,,
14,dh,base,baseline,1,ok,,
28,dh,base,baseline,1,ok,,
21,dh,base,baseline,1,ok,,
23,dh,base,baseline,1,ok,,
27,dh,base,baseline,1,ok,,
12,dh,base,baseline,0,ok,,
1,dh,base,baseline,1,ok,,
5,dh,base,baseline,1,ok,,
17,dh,base,baseline,1,ok,,
15,dh,base,baseline,1,ok,,
20,dh,base,baseline,1,ok,,
24,dh,base,baseline,1,ok,,
33,dh,base,baseline,1,ok,,
11,dh,base,baseline,1,ok,,
35,dh,base,baseline,0,ok,,
32,dh,base,baseline,1,ok,,
9,dh,base,baseline,1,ok,,
26,dh,base,baseline,1,ok,,
3,dh,base,baseline,1,ok,,
25,dh,base,baseline,1,ok,,
4,dh,base,baseline,1,ok,,
2,dh,base,baseline,1,ok,,
19,dh,base,baseline,1,ok,,
7,dh,base,baseline,0,ok,,
8,dh,base,baseline,1,ok,,
0,dh,base,baseline,1,ok,,
46,dh,base,baseline,0,ok,,
39,dh,base,baseline,1,ok,,
18,dh,base,baseline,1,ok,,
30,dh,base,baseline,1,ok,,
49,dh,base,baseline,1,ok,,
36,dh,base,baseline,1,ok,,
42,dh,base,baseline,1,ok,,
31,dh,base,baseline,1,ok,,
48,dh,base,baseline,1,ok,,
56,dh,base,baseline,0,ok,,
10,dh,base,baseline,1,ok,,
45,dh,base,baseline,1,ok,,
52,dh,base,baseline,0,ok,,
38,dh,base,baseline,1,ok,,
44,dh,base,baseline,1,ok,,
63,dh,base,baseline,0,ok,,
51,dh,base,baseline,0,ok,,
47,dh,base,baseline,1,ok,,
43,dh,base,baseline,1,ok,,
34,dh,base,baseline,1,ok,,
50,dh,base,baseline,1,ok,,
62,dh,base,baseline,0,ok,,
37,dh,base,baseline,1,ok,,
53,dh,base,baseline,0,ok,,
40,dh,base,baseline,1,ok,,
54,dh,base,baseline,0,ok,,
74,dh,base,baseline,1,ok,,
60,dh,base,baseline,0,ok,,
73,dh,base,baseline,0,ok,,
71,dh,base,baseline,1,ok,,
59,dh,base,baseline,0,ok,,
78,dh,base,baseline,1,ok,,
61,dh,base,baseline,0,ok,,
83,dh,base,baseline,1,ok,,
65,dh,base,baseline,0,ok,,
55,dh,base,baseline,0,ok,,
80,dh,base,baseline,1,ok,,
69,dh,base,baseline,1,ok,,
77,dh,base,baseline,1,ok,,
66,dh,base,baseline,0,ok,,
41,dh,base,baseline,1,ok,,
68,dh,base,baseline,1,ok,,
82,dh,base,baseline,1,ok,,
79,dh,base,baseline,1,ok,,
72,dh,base,baseline,1,ok,,
76,dh,base,baseline,0,ok,,
84,dh,base,baseline,1,ok,,
75,dh,base,baseline,1,ok,,
86,dh,base,baseline,1,ok,,
81,dh,base,baseline,1,ok,,
90,dh,base,baseline,1,ok,,
87,dh,base,baseline,1,ok,,
97,dh,base,baseline,0,ok,,
95,dh,base,baseline,1,ok,,
93,dh,base,baseline,1,ok,,
98,dh,base,baseline,1,ok,,
88,dh,base,baseline,1,ok,,
57,dh,base,baseline,0,ok,,
85,dh,base,baseline,1,ok,,
58,dh,base,baseline,0,ok,,
91,dh,base,baseline,1,ok,,
100,dh,base,baseline,1,ok,,
70,dh,base,baseline,1,ok,,
101,dh,base,baseline,1,ok,,
89,dh,base,baseline,1,ok,,
99,dh,base,baseline,1,ok,,
64,dh,base,baseline,0,ok,,
92,dh,base,baseline,1,ok,,
105,dh,base,baseline,0,ok,,
114,dh,base,baseline,0,ok,,
94,dh,base,baseline,1,ok,,
96,dh,base,baseline,1,ok,,
103,dh,base,baseline,0,ok,,
104,dh,base,baseline,0,ok,,
113,dh,base,baseline,0,ok,,
67,dh,base,baseline,0,ok,,
117,dh,base,baseline,1,ok,,
131,dh,base,baseline,0,ok,,
129,dh,base,baseline,1,ok,,
124,dh,base,baseline,1,ok,,
111,dh,base,baseline,1,ok,,
130,dh,base,baseline,1,ok,,
132,dh,base,baseline,1,ok,,
118,dh,base,baseline,1,ok,,
102,dh,base,baseline,0,ok,,
107,dh,base,baseline,0,ok,,
125,dh,base,baseline,1,ok,,
127,dh,base,baseline,1,ok,,
123,dh,base,baseline,1,ok,,
120,dh,base,baseline,1,ok,,
141,dh,base,baseline,0,ok,,
108,dh,base,baseline,1,ok,,
135,dh,base,baseline,1,ok,,
116,dh,base,baseline,0,ok,,
133,dh,base,baseline,1,ok,,
122,dh,base,baseline,1,ok,,
139,dh,base,baseline,1,ok,,
146,dh,base,baseline,1,ok,,
115,dh,base,baseline,1,ok,,
119,dh,base,baseline,1,ok,,
128,dh,base,baseline,1,ok,,
126,dh,base,baseline,1,ok,,
134,dh,base,baseline,1,ok,,
137,dh,base,baseline,1,ok,,
145,dh,base,baseline,1,ok,,
155,dh,base,baseline,1,ok,,
158,dh,base,baseline,1,ok,,
148,dh,base,baseline,1,ok,,
136,dh,base,baseline,1,ok,,
138,dh,base,baseline,1,ok,,
112,dh,base,baseline,1,ok,,
150,dh,base,baseline,1,ok,,
106,dh,base,baseline,1,ok,,
121,dh,base,baseline,1,ok,,
149,dh,base,baseline,1,ok,,
143,dh,base,baseline,1,ok,,
151,dh,base,baseline,1,ok,,
154,dh,base,baseline,1,ok,,
152,dh,base,baseline,1,ok,,
165,dh,base,baseline,1,ok,,
156,dh,base,baseline,1,ok,,
144,dh,base,baseline,1,ok,,
163,dh,base,baseline,1,ok,,
142,dh,base,baseline,1,ok,,
167,dh,base,baseline,1,ok,,
164,dh,base,baseline,1,ok,,
159,dh,base,baseline,1,ok,,
160,dh,base,baseline,1,ok,,
147,dh,base,baseline,1,ok,,
166,dh,base,baseline,1,ok,,
162,dh,base,baseline,1,ok,,
153,dh,base,baseline,1,ok,,
161,dh,base,baseline,0,ok,,
175,dh,base,baseline,1,ok,,
109,dh,base,baseline,1,ok,,
168,dh,base,baseline,1,ok,,
173,dh,base,baseline,1,ok,,
178,dh,base,baseline,0,ok,,
157,dh,base,baseline,1,ok,,
181,dh,base,baseline,1,ok,,
169,dh,base,baseline,1,ok,,
179,dh,base,baseline,1,ok,,
140,dh,base,baseline,1,ok,,
182,dh,base,baseline,1,ok,,
171,dh,base,baseline,1,ok,,
172,dh,base,baseline,1,ok,,
188,dh,base,baseline,0,ok,,
180,dh,base,baseline,1,ok,,
174,dh,base,baseline,1,ok,,
190,dh,base,baseline,1,ok,,
199,dh,base,baseline,1,ok,,
192,dh,base,baseline,1,ok,,
191,dh,base,baseline,1,ok,,
176,dh,base,baseline,1,ok,,
177,dh,base,baseline,1,ok,,
184,dh,base,baseline,1,ok,,
187,dh,base,baseline,1,ok,,
183,dh,base,baseline,1,ok,,
197,dh,base,baseline,1,ok,,
193,dh,base,baseline,1,ok,,
209,dh,base,baseline,1,ok,,
198,dh,base,baseline,1,ok,,
170,dh,base,baseline,1,ok,,
200,dh,base,baseline,1,ok,,
201,dh,base,baseline,1,ok,,
186,dh,base,baseline,1,ok,,
195,dh,base,baseline,0,ok,,
202,dh,base,baseline,1,ok,,
203,dh,base,baseline,1,ok,,
210,dh,base,baseline,1,ok,,
207,dh,base,baseline,1,ok,,
185,dh,base,baseline,1,ok,,
205,dh,base,baseline,1,ok,,
206,dh,base,baseline,1,ok,,
216,dh,base,baseline,1,ok,,
194,dh,base,baseline,1,ok,,
213,dh,base,baseline,1,ok,,
214,dh,base,baseline,1,ok,,
215,dh,base,baseline,1,ok,,
217,dh,base,baseline,1,ok,,
220,dh,base,baseline,1,ok,,
226,dh,base,baseline,1,ok,,
196,dh,base,baseline,1,ok,,
208,dh,base,baseline,1,ok,,
231,dh,base,baseline,1,ok,,
227,dh,base,baseline,1,ok,,
219,dh,base,baseline,1,ok,,
223,dh,base,baseline,1,ok,,
110,dh,base,baseline,1,ok,,
233,dh,base,baseline,1,ok,,
204,dh,base,baseline,1,ok,,
218,dh,base,baseline,1,ok,,
225,dh,base,baseline,1,ok,,
230,dh,base,baseline,1,ok,,
224,dh,base,baseline,1,ok,,
234,dh,base,baseline,1,ok,,
222,dh,base,baseline,1,ok,,
243,dh,base,baseline,1,ok,,
211,dh,base,baseline,1,ok,,
189,dh,base,baseline,1,ok,,
212,dh,base,baseline,1,ok,,
221,dh,base,baseline,1,ok,,
235,dh,base,baseline,1,ok,,
237,dh,base,baseline,1,ok,,
232,dh,base,baseline,1,ok,,
228,dh,base,baseline,1,ok,,
248,dh,base,baseline,1,ok,,
239,dh,base,baseline,1,ok,,
236,dh,base,baseline,1,ok,,
253,dh,base,baseline,1,ok,,
240,dh,base,baseline,1,ok,,
229,dh,base,baseline,1,ok,,
241,dh,base,baseline,1,ok,,
244,dh,base,baseline,1,ok,,
250,dh,base,baseline,1,ok,,
266,dh,base,baseline,1,ok,,
252,dh,base,baseline,1,ok,,
249,dh,base,baseline,1,ok,,
251,dh,base,baseline,1,ok,,
256,dh,base,baseline,0,ok,,
260,dh,base,baseline,0,ok,,
245,dh,base,baseline,1,ok,,
265,dh,base,baseline,1,ok,,
257,dh,base,baseline,0,ok,,
247,dh,base,baseline,1,ok,,
267,dh,base,baseline,0,ok,,
263,dh,base,baseline,0,ok,,
242,dh,base,baseline,1,ok,,
238,dh,base,baseline,1,ok,,
270,dh,base,baseline,0,ok,,
258,dh,base,baseline,1,ok,,
259,dh,base,baseline,1,ok,,
264,dh,base,baseline,1,ok,,
254,dh,base,baseline,1,ok,,
246,dh,base,baseline,1,ok,,
255,dh,base,baseline,0,ok,,
268,dh,base,baseline,1,ok,,
290,dh,base,baseline,0,ok,,
262,dh,base,baseline,1,ok,,
294,dh,base,baseline,1,ok,,
284,dh,base,baseline,0,ok,,
292,dh,base,baseline,1,ok,,
278,dh,base,baseline,1,ok,,
281,dh,base,baseline,1,ok,,
273,dh,base,baseline,1,ok,,
282,dh,base,baseline,1,ok,,
271,dh,base,baseline,0,ok,,
274,dh,base,baseline,1,ok,,
295,dh,base,baseline,1,ok,,
299,dh,base,baseline,1,ok,,
277,dh,base,baseline,1,ok,,
275,dh,base,baseline,1,ok,,
301,dh,base,baseline,1,ok,,
298,dh,base,baseline,1,ok,,
289,dh,base,baseline,1,ok,,
269,dh,base,baseline,0,ok,,
276,dh,base,baseline,1,ok,,
283,dh,base,baseline,1,ok,,
288,dh,base,baseline,1,ok,,
272,dh,base,baseline,1,ok,,
285,dh,base,baseline,1,ok,,
297,dh,base,baseline,1,ok,,
286,dh,base,baseline,1,ok,,
279,dh,base,baseline,0,ok,,
300,dh,base,baseline,1,ok,,
304,dh,base,baseline,1,ok,,
302,dh,base,baseline,1,ok,,
293,dh,base,baseline,1,ok,,
280,dh,base,baseline,1,ok,,
296,dh,base,baseline,1,ok,,
261,dh,base,baseline,1,ok,,
303,dh,base,baseline,1,ok,,
305,dh,base,baseline,1,ok,,
291,dh,base,baseline,1,ok,,
329,dh,base,baseline,1,ok,,
311,dh,base,baseline,1,ok,,
326,dh,base,baseline,1,ok,,
287,dh,base,baseline,1,ok,,
324,dh,base,baseline,1,ok,,
333,dh,base,baseline,1,ok,,
308,dh,base,baseline,1,ok,,
315,dh,base,baseline,1,ok,,
314,dh,base,baseline,1,ok,,
318,dh,base,baseline,1,ok,,
313,dh,base,baseline,1,ok,,
325,dh,base,baseline,1,ok,,
323,dh,base,baseline,1,ok,,
328,dh,base,baseline,1,ok,,
321,dh,base,baseline,1,ok,,
312,dh,base,baseline,1,ok,,
307,dh,base,baseline,1,ok,,
316,dh,base,baseline,1,ok,,
335,dh,base,baseline,1,ok,,
327,dh,base,baseline,1,ok,,
330,dh,base,baseline,1,ok,,
319,dh,base,baseline,1,ok,,
317,dh,base,baseline,1,ok,,
310,dh,base,baseline,1,ok,,
334,dh,base,baseline,1,ok,,
322,dh,base,baseline,1,ok,,
306,dh,base,baseline,1,ok,,
336,dh,base,baseline,1,ok,,
339,dh,base,baseline,1,ok,,
337,dh,base,baseline,1,ok,,
332,dh,base,baseline,1,ok,,
320,dh,base,baseline,1,ok,,
341,dh,base,baseline,0,ok,,
350,dh,base,baseline,1,ok,,
352,dh,base,baseline,0,ok,,
331,dh,base,baseline,1,ok,,
338,dh,base,baseline,1,ok,,
346,dh,base,baseline,1,ok,,
345,dh,base,baseline,1,ok,,
359,dh,base,baseline,1,ok,,
344,dh,base,baseline,1,ok,,
366,dh,base,baseline,1,ok,,
342,dh,base,baseline,1,ok,,
356,dh,base,baseline,1,ok,,
353,dh,base,baseline,1,ok,,
361,dh,base,baseline,1,ok,,
347,dh,base,baseline,1,ok,,
358,dh,base,baseline,1,ok,,
363,dh,base,baseline,1,ok,,
360,dh,base,baseline,1,ok,,
369,dh,base,baseline,0,ok,,
343,dh,base,baseline,1,ok,,
373,dh,base,baseline,1,ok,,
309,dh,base,baseline,1,ok,,
364,dh,base,baseline,1,ok,,
367,dh,base,baseline,1,ok,,
371,dh,base,baseline,1,ok,,
365,dh,base,baseline,1,ok,,
368,dh,base,baseline,1,ok,,
340,dh,base,baseline,1,ok,,
354,dh,base,baseline,1,ok,,
357,dh,base,baseline,1,ok,,
372,dh,base,baseline,1,ok,,
362,dh,base,baseline,1,ok,,
375,dh,base,baseline,0,ok,,
349,dh,base,baseline,1,ok,,
348,dh,base,baseline,1,ok,,
351,dh,base,baseline,0,ok,,
370,dh,base,baseline,1,ok,,
389,dh,base,baseline,1,ok,,
385,dh,base,baseline,1,ok,,
379,dh,base,baseline,1,ok,,
355,dh,base,baseline,1,ok,,
394,dh,base,baseline,1,ok,,
374,dh,base,baseline,1,ok,,
396,dh,base,baseline,1,ok,,
376,dh,base,baseline,1,ok,,
390,dh,base,baseline,1,ok,,
378,dh,base,baseline,1,ok,,
397,dh,base,baseline,1,ok,,
387,dh,base,baseline,1,ok,,
377,dh,base,baseline,1,ok,,
402,dh,base,baseline,1,ok,,
392,dh,base,baseline,1,ok,,
400,dh,base,baseline,1,ok,,
381,dh,base,baseline,1,ok,,
399,dh,base,baseline,1,ok,,
398,dh,base,baseline,1,ok,,
401,dh,base,baseline,1,ok,,
380,dh,base,baseline,1,ok,,
395,dh,base,baseline,1,ok,,
404,dh,base,baseline,1,ok,,
386,dh,base,baseline,0,ok,,
382,dh,base,baseline,0,ok,,
413,dh,base,baseline,1,ok,,
384,dh,base,baseline,1,ok,,
407,dh,base,baseline,1,ok,,
391,dh,base,baseline,1,ok,,
403,dh,base,baseline,0,ok,,
388,dh,base,baseline,1,ok,,
405,dh,base,baseline,1,ok,,
383,dh,base,baseline,1,ok,,
411,dh,base,baseline,1,ok,,
418,dh,base,baseline,1,ok,,
393,dh,base,baseline,1,ok,,
414,dh,base,baseline,1,ok,,
412,dh,base,baseline,1,ok,,
423,dh,base,baseline,1,ok,,
409,dh,base,baseline,1,ok,,
410,dh,base,baseline,1,ok,,
424,dh,base,baseline,1,ok,,
416,dh,base,baseline,1,ok,,
406,dh,base,baseline,1,ok,,
408,dh,base,baseline,1,ok,,
421,dh,base,baseline,1,ok,,
422,dh,base,baseline,1,ok,,
420,dh,base,baseline,0,ok,,
426,dh,base,baseline,1,ok,,
419,dh,base,baseline,1,ok,,
430,dh,base,baseline,0,ok,,
435,dh,base,baseline,1,ok,,
433,dh,base,baseline,1,ok,,
415,dh,base,baseline,1,ok,,
436,dh,base,baseline,1,ok,,
437,dh,base,baseline,0,ok,,
429,dh,base,baseline,1,ok,,
452,dh,base,baseline,1,ok,,
439,dh,base,baseline,1,ok,,
425,dh,base,baseline,1,ok,,
438,dh,base,baseline,1,ok,,
417,dh,base,baseline,1,ok,,
428,dh,base,baseline,1,ok,,
448,dh,base,baseline,1,ok,,
440,dh,base,baseline,1,ok,,
431,dh,base,baseline,1,ok,,
453,dh,base,baseline,1,ok,,
443,dh,base,baseline,1,ok,,
442,dh,base,baseline,1,ok,,
441,dh,base,baseline,1,ok,,
447,dh,base,baseline,1,ok,,
445,dh,base,baseline,1,ok,,
451,dh,base,baseline,1,ok,,
450,dh,base,baseline,1,ok,,
455,dh,base,baseline,1,ok,,
446,dh,base,baseline,1,ok,,
432,dh,base,baseline,1,ok,,
456,dh,base,baseline,1,ok,,
458,dh,base,baseline,1,ok,,
427,dh,base,baseline,1,ok,,
434,dh,base,baseline,1,ok,,
454,dh,base,baseline,1,ok,,
457,dh,base,baseline,1,ok,,
444,dh,base,baseline,1,ok,,
471,dh,base,baseline,0,ok,,
449,dh,base,baseline,1,ok,,
486,dh,base,baseline,1,ok,,
479,dh,base,baseline,1,ok,,
468,dh,base,baseline,1,ok,,
469,dh,base,baseline,1,ok,,
460,dh,base,baseline,1,ok,,
488,dh,base,baseline,0,ok,,
462,dh,base,baseline,1,ok,,
478,dh,base,baseline,1,ok,,
485,dh,base,baseline,1,ok,,
459,dh,base,baseline,1,ok,,
481,dh,base,baseline,1,ok,,
472,dh,base,baseline,1,ok,,
461,dh,base,baseline,1,ok,,
464,dh,base,baseline,1,ok,,
463,dh,base,baseline,1,ok,,
487,dh,base,baseline,1,ok,,
476,dh,base,baseline,1,ok,,
473,dh,base,baseline,1,ok,,
475,dh,base,baseline,1,ok,,
477,dh,base,baseline,1,ok,,
480,dh,base,baseline,1,ok,,
470,dh,base,baseline,1,ok,,
484,dh,base,baseline,1,ok,,
482,dh,base,baseline,1,ok,,
483,dh,base,baseline,1,ok,,
500,dh,base,baseline,1,ok,,
503,dh,base,baseline,1,ok,,
474,dh,base,baseline,1,ok,,
489,dh,base,baseline,1,ok,,
497,dh,base,baseline,1,ok,,
499,dh,base,baseline,1,ok,,
493,dh,base,baseline,1,ok,,
502,dh,base,baseline,1,ok,,
498,dh,base,baseline,1,ok,,
501,dh,base,baseline,1,ok,,
504,dh,base,baseline,1,ok,,
467,dh,base,baseline,1,ok,,
490,dh,base,baseline,1,ok,,
508,dh,base,baseline,1,ok,,
506,dh,base,baseline,1,ok,,
509,dh,base,baseline,1,ok,,
494,dh,base,baseline,1,ok,,
491,dh,base,baseline,1,ok,,
505,dh,base,baseline,0,ok,,
507,dh,base,baseline,1,ok,,
496,dh,base,baseline,1,ok,,
495,dh,base,baseline,1,ok,,
465,dh,base,baseline,1,ok,,
492,dh,base,baseline,1,ok,,
466,dh,base,baseline,1,ok,,
