idx,scenario,variant,mode,attack_ok,attack_ok_s1,attack_ok_s2,status,error_type,error_message
27,ds,base,baseline,1,1,1,ok,,
9,ds,base,baseline,1,1,1,ok,,
20,ds,base,baseline,1,1,1,ok,,
5,ds,base,baseline,1,1,1,ok,,
15,ds,base,baseline,1,1,1,ok,,
25,ds,base,baseline,1,1,1,ok,,
16,ds,base,baseline,1,1,1,ok,,
14,ds,base,baseline,1,1,1,ok,,
8,ds,base,baseline,1,1,1,ok,,
13,ds,base,baseline,1,1,1,ok,,
3,ds,base,baseline,1,1,1,ok,,
32,ds,base,baseline,0,0,0,ok,,
12,ds,base,baseline,1,1,1,ok,,
21,ds,base,baseline,1,1,1,ok,,
6,ds,base,baseline,1,1,1,ok,,
29,ds,base,baseline,1,1,1,ok,,
31,ds,base,baseline,1,1,1,ok,,
19,ds,base,baseline,1,1,1,ok,,
2,ds,base,baseline,1,1,1,ok,,
23,ds,base,baseline,1,1,1,ok,,
28,ds,base,baseline,1,1,1,ok,,
1,ds,base,baseline,1,1,1,ok,,
4,ds,base,baseline,1,1,1,ok,,
22,ds,base,baseline,1,1,1,ok,,
30,ds,base,baseline,1,1,1,ok,,
46,ds,base,baseline,0,0,0,ok,,
24,ds,base,baseline,1,1,1,ok,,
11,ds,base,baseline,1,1,1,ok,,
0,ds,base,baseline,1,1,1,ok,,
18,ds,base,baseline,1,1,1,ok,,
39,ds,base,baseline,0,0,0,ok,,
17,ds,base,baseline,1,1,1,ok,,
26,ds,base,baseline,1,1,1,ok,,
10,ds,base,baseline,1,1,1,ok,,
7,ds,base,baseline,1,1,1,ok,,
33,ds,base,baseline,1,1,1,ok,,
42,ds,base,baseline,1,1,1,ok,,
43,ds,base,baseline,1,1,1,ok,,
47,ds,base,baseline,1,1,1,ok,,
60,ds,base,baseline,1,1,1,ok,,
63,ds,base,baseline,0,0,0,ok,,
49,ds,base,baseline,1,1,1,ok,,
58,ds,base,baseline,1,1,1,ok,,
34,ds,base,baseline,1,1,1,ok,,
59,ds,base,baseline,1,1,1,ok,,
40,ds,base,baseline,1,1,1,ok,,
37,ds,base,baseline,1,1,1,ok,,
55,ds,base,baseline,1,1,1,ok,,
41,ds,base,baseline,1,1,1,ok,,
52,ds,base,baseline,1,1,1,ok,,
64,ds,base,baseline,1,1,1,ok,,
56,ds,base,baseline,1,1,1,ok,,
38,ds,base,baseline,1,1,1,ok,,
35,ds,base,baseline,1,1,1,ok,,
66,ds,base,baseline,1,1,1,ok,,
57,ds,base,baseline,1,1,1,ok,,
65,ds,base,baseline,1,1,1,ok,,
80,ds,base,baseline,0,0,0,ok,,
54,ds,base,baseline,1,1,1,ok,,
61,ds,base,baseline,1,1,1,ok,,
62,ds,base,baseline,1,1,1,ok,,
44,ds,base,baseline,1,1,1,ok,,
48,ds,base,baseline,1,1,1,ok,,
51,ds,base,baseline,1,1,1,ok,,
50,ds,base,baseline,1,1,1,ok,,
45,ds,base,baseline,1,1,1,ok,,
53,ds,base,baseline,1,1,1,ok,,
76,ds,base,baseline,1,1,1,ok,,
81,ds,base,baseline,1,1,1,ok,,
67,ds,base,baseline,1,1,1,ok,,
86,ds,base,baseline,0,0,0,ok,,
36,ds,base,baseline,1,1,1,ok,,
71,ds,base,baseline,1,1,1,ok,,
83,ds,base,baseline,1,1,1,ok,,
92,ds,base,baseline,0,0,0,ok,,
68,ds,base,baseline,1,1,1,ok,,
72,ds,base,baseline,1,1,1,ok,,
77,ds,base,baseline,1,1,1,ok,,
73,ds,base,baseline,1,1,1,ok,,
101,ds,base,baseline,0,0,0,ok,,
69,ds,base,baseline,1,1,1,ok,,
74,ds,base,baseline,1,1,1,ok,,
79,ds,base,baseline,1,1,1,ok,,
97,ds,base,baseline,0,0,0,ok,,
102,ds,base,baseline,1,1,1,ok,,
84,ds,base,baseline,1,1,1,ok,,
93,ds,base,baseline,1,1,1,ok,,
70,ds,base,baseline,1,1,1,ok,,
105,ds,base,baseline,1,1,1,ok,,
100,ds,base,baseline,1,1,1,ok,,
82,ds,base,baseline,1,1,1,ok,,
98,ds,base,baseline,1,1,1,ok,,
78,ds,base,baseline,1,1,1,ok,,
89,ds,base,baseline,1,1,1,ok,,
110,ds,base,baseline,1,1,1,ok,,
106,ds,base,baseline,1,1,1,ok,,
124,ds,base,baseline,0,0,0,ok,,
85,ds,base,baseline,1,1,1,ok,,
91,ds,base,baseline,1,1,1,ok,,
95,ds,base,baseline,1,1,1,ok,,
108,ds,base,baseline,1,1,1,ok,,
115,ds,base,baseline,1,1,1,ok,,
107,ds,base,baseline,1,1,1,ok,,
120,ds,base,baseline,0,0,0,ok,,
94,ds,base,baseline,1,1,1,ok,,
103,ds,base,baseline,1,1,1,ok,,
90,ds,base,baseline,1,1,1,ok,,
117,ds,base,baseline,1,1,1,ok,,
75,ds,base,baseline,1,1,1,ok,,
104,ds,base,baseline,1,1,1,ok,,
99,ds,base,baseline,1,1,1,ok,,
96,ds,base,baseline,1,1,1,ok,,
109,ds,base,baseline,1,1,1,ok,,
114,ds,base,baseline,1,1,1,ok,,
88,ds,base,baseline,1,1,1,ok,,
122,ds,base,baseline,1,1,1,ok,,
116,ds,base,baseline,1,1,1,ok,,
118,ds,base,baseline,1,1,1,ok,,
119,ds,base,baseline,1,1,1,ok,,
131,ds,base,baseline,0,0,0,ok,,
113,ds,base,baseline,1,1,1,ok,,
128,ds,base,baseline,1,1,1,ok,,
127,ds,base,baseline,1,1,1,ok,,
134,ds,base,baseline,1,1,1,ok,,
132,ds,base,baseline,1,1,1,ok,,
87,ds,base,baseline,1,1,1,ok,,
123,ds,base,baseline,1,1,1,ok,,
111,ds,base,baseline,1,1,1,ok,,
112,ds,base,baseline,1,1,1,ok,,
126,ds,base,baseline,1,1,1,ok,,
129,ds,base,baseline,1,1,1,ok,,
144,ds,base,baseline,1,1,1,ok,,
148,ds,base,baseline,1,1,1,ok,,
151,ds,base,baseline,1,1,1,ok,,
133,ds,base,baseline,1,1,1,ok,,
125,ds,base,baseline,1,1,1,ok,,
149,ds,base,baseline,1,1,1,ok,,
135,ds,base,baseline,1,1,1,ok,,
136,ds,base,baseline,1,1,1,ok,,
140,ds,base,baseline,1,1,1,ok,,
121,ds,base,baseline,1,1,1,ok,,
139,ds,base,baseline,1,1,1,ok,,
156,ds,base,baseline,1,1,1,ok,,
130,ds,base,baseline,1,1,1,ok,,
160,ds,base,baseline,1,1,1,ok,,
137,ds,base,baseline,1,1,1,ok,,
146,ds,base,baseline,1,1,1,ok,,
141,ds,base,baseline,1,1,1,ok,,
142,ds,base,baseline,1,1,1,ok,,
150,ds,base,baseline,1,1,1,ok,,
165,ds,base,baseline,1,1,1,ok,,
161,ds,base,baseline,1,1,1,ok,,
166,ds,base,baseline,1,1,1,ok,,
153,ds,base,baseline,1,1,1,ok,,
168,ds,base,baseline,1,1,1,ok,,
147,ds,base,baseline,1,1,1,ok,,
157,ds,base,baseline,1,1,1,ok,,
138,ds,base,baseline,1,1,1,ok,,
152,ds,base,baseline,1,1,1,ok,,
155,ds,base,baseline,1,1,1,ok,,
173,ds,base,baseline,1,1,1,ok,,
143,ds,base,baseline,1,1,1,ok,,
159,ds,base,baseline,1,1,1,ok,,
158,ds,base,baseline,1,1,1,ok,,
145,ds,base,baseline,1,1,1,ok,,
170,ds,base,baseline,1,1,1,ok,,
163,ds,base,baseline,1,1,1,ok,,
177,ds,base,baseline,1,1,1,ok,,
175,ds,base,baseline,1,1,1,ok,,
179,ds,base,baseline,1,1,1,ok,,
174,ds,base,baseline,1,1,1,ok,,
182,ds,base,baseline,1,1,1,ok,,
154,ds,base,baseline,1,1,1,ok,,
188,ds,base,baseline,0,0,0,ok,,
183,ds,base,baseline,1,1,1,ok,,
167,ds,base,baseline,1,1,1,ok,,
185,ds,base,baseline,1,1,1,ok,,
164,ds,base,baseline,1,1,1,ok,,
181,ds,base,baseline,1,1,1,ok,,
187,ds,base,baseline,1,1,1,ok,,
190,ds,base,baseline,1,1,1,ok,,
169,ds,base,baseline,1,1,1,ok,,
186,ds,base,baseline,1,1,1,ok,,
171,ds,base,baseline,1,1,1,ok,,
172,ds,base,baseline,1,1,1,ok,,
178,ds,base,baseline,1,1,1,ok,,
180,ds,base,baseline,1,1,1,ok,,
199,ds,base,baseline,1,1,1,ok,,
176,ds,base,baseline,1,1,1,ok,,
205,ds,base,baseline,0,0,0,ok,,
162,ds,base,baseline,1,1,1,ok,,
184,ds,base,baseline,1,1,1,ok,,
191,ds,base,baseline,1,1,1,ok,,
200,ds,base,baseline,1,1,1,ok,,
202,ds,base,baseline,1,1,1,ok,,
193,ds,base,baseline,1,1,1,ok,,
192,ds,base,baseline,1,1,1,ok,,
198,ds,base,baseline,1,1,1,ok,,
212,ds,base,baseline,0,0,0,ok,,
217,ds,base,baseline,1,1,0,ok,,
197,ds,base,baseline,1,1,1,ok,,
203,ds,base,baseline,1,1,1,ok,,
207,ds,base,baseline,1,1,0,ok,,
206,ds,base,baseline,1,1,1,ok,,
209,ds,base,baseline,1,1,0,ok,,
201,ds,base,baseline,1,1,1,ok,,
189,ds,base,baseline,1,1,1,ok,,
195,ds,base,baseline,1,1,1,ok,,
194,ds,base,baseline,1,1,1,ok,,
214,ds,base,baseline,1,1,0,ok,,
196,ds,base,baseline,1,1,1,ok,,
208,ds,base,baseline,1,1,1,ok,,
225,ds,base,baseline,1,1,1,ok,,
233,ds,base,baseline,0,0,0,ok,,
223,ds,base,baseline,1,1,1,ok,,
222,ds,base,baseline,1,1,1,ok,,
220,ds,base,baseline,1,1,0,ok,,
211,ds,base,baseline,1,1,0,ok,,
216,ds,base,baseline,0,0,0,ok,,
226,ds,base,baseline,1,1,1,ok,,
204,ds,base,baseline,1,1,1,ok,,
221,ds,base,baseline,1,1,1,ok,,
218,ds,base,baseline,1,1,0,ok,,
219,ds,base,baseline,1,1,0,ok,,
230,ds,base,baseline,1,1,1,ok,,
234,ds,base,baseline,1,1,1,ok,,
228,ds,base,baseline,1,1,1,ok,,
227,ds,base,baseline,1,1,1,ok,,
236,ds,base,baseline,1,1,1,ok,,
210,ds,base,baseline,1,1,0,ok,,
224,ds,base,baseline,1,1,1,ok,,
215,ds,base,baseline,1,1,1,ok,,
213,ds,base,baseline,1,1,0,ok,,
231,ds,base,baseline,1,1,1,ok,,
232,ds,base,baseline,1,1,1,ok,,
229,ds,base,baseline,1,1,1,ok,,
238,ds,base,baseline,1,1,1,ok,,
246,ds,base,baseline,0,0,0,ok,,
235,ds,base,baseline,1,1,1,ok,,
245,ds,base,baseline,1,1,1,ok,,
247,ds,base,baseline,1,1,1,ok,,
237,ds,base,baseline,1,1,1,ok,,
253,ds,base,baseline,1,1,1,ok,,
258,ds,base,baseline,1,1,1,ok,,
251,ds,base,baseline,1,1,1,ok,,
255,ds,base,baseline,1,1,1,ok,,
262,ds,base,baseline,1,1,1,ok,,
254,ds,base,baseline,1,1,1,ok,,
259,ds,base,baseline,1,1,1,ok,,
267,ds,base,baseline,1,1,1,ok,,
268,ds,base,baseline,1,1,1,ok,,
272,ds,base,baseline,1,1,1,ok,,
243,ds,base,baseline,1,1,1,ok,,
244,ds,base,baseline,1,1,1,ok,,
270,ds,base,baseline,1,1,1,ok,,
248,ds,base,baseline,1,1,1,ok,,
239,ds,base,baseline,1,1,1,ok,,
242,ds,base,baseline,1,1,1,ok,,
260,ds,base,baseline,1,1,1,ok,,
261,ds,base,baseline,1,1,1,ok,,
266,ds,base,baseline,1,1,1,ok,,
240,ds,base,baseline,1,1,1,ok,,
273,ds,base,baseline,1,1,1,ok,,
265,ds,base,baseline,1,1,1,ok,,
249,ds,base,baseline,1,1,1,ok,,
263,ds,base,baseline,1,1,1,ok,,
241,ds,base,baseline,1,1,1,ok,,
250,ds,base,baseline,1,1,1,ok,,
252,ds,base,baseline,1,1,1,ok,,
256,ds,base,baseline,1,1,1,ok,,
279,ds,base,baseline,1,1,1,ok,,
281,ds,base,baseline,1,1,1,ok,,
269,ds,base,baseline,1,1,1,ok,,
284,ds,base,baseline,0,0,0,ok,,
257,ds,base,baseline,1,1,1,ok,,
285,ds,base,baseline,1,1,1,ok,,
271,ds,base,baseline,1,1,1,ok,,
287,ds,base,baseline,1,1,1,ok,,
275,ds,base,baseline,1,1,1,ok,,
292,ds,base,baseline,1,1,1,ok,,
277,ds,base,baseline,1,1,1,ok,,
278,ds,base,baseline,1,1,1,ok,,
280,ds,base,baseline,1,1,1,ok,,
289,ds,base,baseline,1,1,1,ok,,
296,ds,base,baseline,1,1,1,ok,,
301,ds,base,baseline,0,0,0,ok,,
264,ds,base,baseline,1,1,1,ok,,
300,ds,base,baseline,1,1,1,ok,,
276,ds,base,baseline,1,1,1,ok,,
293,ds,base,baseline,1,1,1,ok,,
298,ds,base,baseline,1,1,1,ok,,
282,ds,base,baseline,1,1,1,ok,,
286,ds,base,baseline,1,1,1,ok,,
302,ds,base,baseline,1,1,1,ok,,
294,ds,base,baseline,1,1,1,ok,,
283,ds,base,baseline,1,1,1,ok,,
274,ds,base,baseline,1,1,1,ok,,
288,ds,base,baseline,1,1,1,ok,,
297,ds,base,baseline,1,1,1,ok,,
303,ds,base,baseline,1,1,1,ok,,
295,ds,base,baseline,1,1,1,ok,,
290,ds,base,baseline,1,1,1,ok,,
309,ds,base,baseline,1,1,1,ok,,
317,ds,base,baseline,1,1,1,ok,,
299,ds,base,baseline,1,1,1,ok,,
306,ds,base,baseline,1,1,1,ok,,
291,ds,base,baseline,1,1,1,ok,,
305,ds,base,baseline,1,1,1,ok,,
318,ds,base,baseline,1,1,1,ok,,
321,ds,base,baseline,1,1,1,ok,,
308,ds,base,baseline,1,1,1,ok,,
304,ds,base,baseline,1,1,1,ok,,
323,ds,base,baseline,1,1,1,ok,,
319,ds,base,baseline,1,1,1,ok,,
326,ds,base,baseline,1,1,1,ok,,
311,ds,base,baseline,1,1,1,ok,,
310,ds,base,baseline,1,1,1,ok,,
320,ds,base,baseline,1,1,1,ok,,
312,ds,base,baseline,1,1,1,ok,,
307,ds,base,baseline,1,1,1,ok,,
334,ds,base,baseline,1,1,1,ok,,
336,ds,base,baseline,1,1,1,ok,,
313,ds,base,baseline,1,1,1,ok,,
327,ds,base,baseline,1,1,1,ok,,
328,ds,base,baseline,1,1,1,ok,,
329,ds,base,baseline,1,1,1,ok,,
315,ds,base,baseline,1,1,1,ok,,
322,ds,base,baseline,1,1,1,ok,,
338,ds,base,baseline,1,1,1,ok,,
352,ds,base,baseline,0,0,0,ok,,
331,ds,base,baseline,1,1,1,ok,,
324,ds,base,baseline,1,1,1,ok,,
316,ds,base,baseline,1,1,1,ok,,
340,ds,base,baseline,0,0,0,ok,,
332,ds,base,baseline,1,1,1,ok,,
325,ds,base,baseline,1,1,1,ok,,
333,ds,base,baseline,1,1,1,ok,,
335,ds,base,baseline,1,1,1,ok,,
337,ds,base,baseline,1,1,1,ok,,
342,ds,base,baseline,0,0,0,ok,,
314,ds,base,baseline,1,1,1,ok,,
351,ds,base,baseline,1,1,1,ok,,
339,ds,base,baseline,1,1,1,ok,,
369,ds,base,baseline,0,0,0,ok,,
353,ds,base,baseline,1,1,1,ok,,
355,ds,base,baseline,1,1,1,ok,,
346,ds,base,baseline,0,0,0,ok,,
343,ds,base,baseline,1,1,1,ok,,
345,ds,base,baseline,1,1,1,ok,,
366,ds,base,baseline,1,1,1,ok,,
330,ds,base,baseline,1,1,1,ok,,
341,ds,base,baseline,1,1,1,ok,,
364,ds,base,baseline,1,1,1,ok,,
360,ds,base,baseline,1,1,1,ok,,
368,ds,base,baseline,1,1,1,ok,,
349,ds,base,baseline,1,1,1,ok,,
362,ds,base,baseline,1,1,1,ok,,
363,ds,base,baseline,1,1,1,ok,,
372,ds,base,baseline,1,1,1,ok,,
344,ds,base,baseline,1,1,1,ok,,
370,ds,base,baseline,1,1,1,ok,,
361,ds,base,baseline,1,1,1,ok,,
359,ds,base,baseline,1,1,1,ok,,
347,ds,base,baseline,1,1,0,ok,,
357,ds,base,baseline,1,1,1,ok,,
365,ds,base,baseline,1,1,1,ok,,
373,ds,base,baseline,1,1,1,ok,,
358,ds,base,baseline,1,1,1,ok,,
354,ds,base,baseline,1,1,1,ok,,
371,ds,base,baseline,1,1,1,ok,,
356,ds,base,baseline,1,1,1,ok,,
350,ds,base,baseline,1,1,1,ok,,
367,ds,base,baseline,1,1,1,ok,,
348,ds,base,baseline,1,1,1,ok,,
377,ds,base,baseline,1,1,1,ok,,
396,ds,base,baseline,0,0,0,ok,,
387,ds,base,baseline,1,1,1,ok,,
389,ds,base,baseline,1,1,1,ok,,
385,ds,base,baseline,1,1,1,ok,,
393,ds,base,baseline,1,1,1,ok,,
375,ds,base,baseline,1,1,1,ok,,
379,ds,base,baseline,1,1,1,ok,,
374,ds,base,baseline,1,1,1,ok,,
398,ds,base,baseline,1,1,1,ok,,
388,ds,base,baseline,1,1,1,ok,,
392,ds,base,baseline,1,1,1,ok,,
386,ds,base,baseline,1,1,1,ok,,
378,ds,base,baseline,1,1,1,ok,,
402,ds,base,baseline,1,1,1,ok,,
381,ds,base,baseline,1,1,1,ok,,
406,ds,base,baseline,1,1,1,ok,,
394,ds,base,baseline,1,1,1,ok,,
395,ds,base,baseline,1,1,1,ok,,
404,ds,base,baseline,1,1,1,ok,,
390,ds,base,baseline,1,1,1,ok,,
391,ds,base,baseline,1,1,1,ok,,
397,ds,base,baseline,1,1,1,ok,,
380,ds,base,baseline,1,1,1,ok,,
384,ds,base,baseline,1,1,1,ok,,
405,ds,base,baseline,1,1,1,ok,,
403,ds,base,baseline,1,1,1,ok,,
401,ds,base,baseline,1,1,1,ok,,
408,ds,base,baseline,1,1,1,ok,,
407,ds,base,baseline,1,1,1,ok,,
421,ds,base,baseline,1,1,1,ok,,
382,ds,base,baseline,1,1,1,ok,,
383,ds,base,baseline,1,1,1,ok,,
420,ds,base,baseline,1,1,1,ok,,
376,ds,base,baseline,1,1,1,ok,,
400,ds,base,baseline,1,1,1,ok,,
423,ds,base,baseline,1,1,1,ok,,
419,ds,base,baseline,1,1,1,ok,,
417,ds,base,baseline,1,1,1,ok,,
412,ds,base,baseline,1,1,1,ok,,
409,ds,base,baseline,1,1,1,ok,,
399,ds,base,baseline,1,1,1,ok,,
413,ds,base,baseline,1,1,1,ok,,
428,ds,base,baseline,1,1,1,ok,,
414,ds,base,baseline,1,1,1,ok,,
418,ds,base,baseline,1,1,1,ok,,
411,ds,base,baseline,1,1,1,ok,,
422,ds,base,baseline,1,1,1,ok,,
433,ds,base,baseline,0,0,0,ok,,
436,ds,base,baseline,1,1,1,ok,,
431,ds,base,baseline,1,1,1,ok,,
416,ds,base,baseline,1,1,1,ok,,
410,ds,base,baseline,1,1,1,ok,,
430,ds,base,baseline,1,1,1,ok,,
429,ds,base,baseline,1,1,1,ok,,
424,ds,base,baseline,1,1,1,ok,,
415,ds,base,baseline,1,1,1,ok,,
434,ds,base,baseline,1,1,1,ok,,
440,ds,base,baseline,1,1,1,ok,,
426,ds,base,baseline,1,1,1,ok,,
443,ds,base,baseline,1,1,1,ok,,
425,ds,base,baseline,1,1,1,ok,,
454,ds,base,baseline,0,0,0,ok,,
441,ds,base,baseline,1,1,1,ok,,
446,ds,base,baseline,1,1,1,ok,,
439,ds,base,baseline,1,1,1,ok,,
437,ds,base,baseline,1,1,1,ok,,
453,ds,base,baseline,1,1,1,ok,,
447,ds,base,baseline,1,1,1,ok,,
442,ds,base,baseline,1,1,1,ok,,
455,ds,base,baseline,1,1,1,ok,,
448,ds,base,baseline,1,1,1,ok,,
457,ds,base,baseline,1,1,1,ok,,
435,ds,base,baseline,1,1,1,ok,,
438,ds,base,baseline,1,1,1,ok,,
452,ds,base,baseline,1,1,1,ok,,
462,ds,base,baseline,1,1,1,ok,,
459,ds,base,baseline,1,1,1,ok,,
466,ds,base,baseline,0,0,0,ok,,
449,ds,base,baseline,1,1,1,ok,,
445,ds,base,baseline,1,1,1,ok,,
427,ds,base,baseline,1,1,1,ok,,
456,ds,base,baseline,1,1,1,ok,,
432,ds,base,baseline,1,1,1,ok,,
451,ds,base,baseline,1,1,1,ok,,
464,ds,base,baseline,1,1,1,ok,,
458,ds,base,baseline,1,1,1,ok,,
444,ds,base,baseline,1,1,1,ok,,
470,ds,base,baseline,1,1,1,ok,,
479,ds,base,baseline,1,1,1,ok,,
468,ds,base,baseline,1,1,1,ok,,
471,ds,base,baseline,1,1,1,ok,,
463,ds,base,baseline,1,1,1,ok,,
476,ds,base,baseline,1,1,1,ok,,
474,ds,base,baseline,1,1,1,ok,,
460,ds,base,baseline,1,1,1,ok,,
487,ds,base,baseline,1,1,1,ok,,
485,ds,base,baseline,1,1,1,ok,,
461,ds,base,baseline,1,1,1,ok,,
488,ds,base,baseline,1,1,1,ok,,
473,ds,base,baseline,1,1,1,ok,,
472,ds,base,baseline,1,1,1,ok,,
483,ds,base,baseline,1,1,1,ok,,
491,ds,base,baseline,1,1,1,ok,,
469,ds,base,baseline,1,1,1,ok,,
465,ds,base,baseline,1,1,1,ok,,
477,ds,base,baseline,1,1,1,ok,,
486,ds,base,baseline,1,1,1,ok,,
450,ds,base,baseline,1,1,1,ok,,
493,ds,base,baseline,1,1,1,ok,,
480,ds,base,baseline,1,1,1,ok,,
481,ds,base,baseline,1,1,1,ok,,
475,ds,base,baseline,1,1,1,ok,,
489,ds,base,baseline,1,1,1,ok,,
482,ds,base,baseline,1,1,1,ok,,
496,ds,base,baseline,1,1,1,ok,,
510,ds,base,baseline,0,0,0,ok,,
505,ds,base,baseline,1,1,1,ok,,
492,ds,base,baseline,1,1,1,ok,,
490,ds,base,baseline,1,1,1,ok,,
502,ds,base,baseline,1,1,1,ok,,
500,ds,base,baseline,1,1,1,ok,,
498,ds,base,baseline,1,1,1,ok,,
499,ds,base,baseline,1,1,1,ok,,
509,ds,base,baseline,0,0,0,ok,,
508,ds,base,baseline,1,1,1,ok,,
467,ds,base,baseline,1,1,1,ok,,
497,ds,base,baseline,1,1,1,ok,,
494,ds,base,baseline,1,1,1,ok,,
501,ds,base,baseline,1,1,1,ok,,
504,ds,base,baseline,1,1,1,ok,,
484,ds,base,baseline,1,1,1,ok,,
514,ds,base,baseline,0,0,0,ok,,
521,ds,base,baseline,0,0,0,ok,,
478,ds,base,baseline,1,1,1,ok,,
525,ds,base,baseline,0,0,0,ok,,
506,ds,base,baseline,1,1,1,ok,,
507,ds,base,baseline,1,1,1,ok,,
503,ds,base,baseline,1,1,1,ok,,
495,ds,base,baseline,1,1,1,ok,,
511,ds,base,baseline,0,0,0,ok,,
512,ds,base,baseline,0,0,0,ok,,
515,ds,base,baseline,1,1,1,ok,,
519,ds,base,baseline,1,1,1,ok,,
530,ds,base,baseline,1,1,0,ok,,
516,ds,base,baseline,1,1,1,ok,,
522,ds,base,baseline,0,0,0,ok,,
517,ds,base,baseline,0,0,0,ok,,
513,ds,base,baseline,1,1,1,ok,,
520,ds,base,baseline,1,1,1,ok,,
536,ds,base,baseline,1,1,1,ok,,
534,ds,base,baseline,1,1,1,ok,,
538,ds,base,baseline,1,1,1,ok,,
526,ds,base,baseline,1,1,1,ok,,
524,ds,base,baseline,1,1,1,ok,,
529,ds,base,baseline,1,1,1,ok,,
523,ds,base,baseline,1,1,1,ok,,
527,ds,base,baseline,1,1,1,ok,,
539,ds,base,baseline,1,1,1,ok,,
518,ds,base,baseline,1,1,1,ok,,
528,ds,base,baseline,1,1,1,ok,,
535,ds,base,baseline,1,1,1,ok,,
542,ds,base,baseline,1,1,1,ok,,
533,ds,base,baseline,1,1,1,ok,,
531,ds,base,baseline,1,1,1,ok,,
532,ds,base,baseline,1,1,1,ok,,
541,ds,base,baseline,1,1,1,ok,,
543,ds,base,baseline,1,1,1,ok,,
537,ds,base,baseline,1,1,1,ok,,
540,ds,base,baseline,1,1,1,ok,,
